{"/Xi5Z5llmLkkFwhqyp4nLA==":"topale_logo-250x150.png","E40zqBuiXD7m00cVvb4XFA==":"junction%20box_yash-400x400.png","8z8eEnqTXd0F1asF1qiRnw==":"junction%20box_yash%20(1)-400x400.png","c4uRrdGMMqTqaGjqETTe8g==":"junction%20box_yash%20(2)-400x400.png","Kkh+GCUZDWh0qtleYQAdbA==":"junction%20box_yash%20(4)-400x400.png","PHFc4DID5fUPJ5ZV2E1G3Q==":"junction%20box_yash%20(5)-400x400.png","IlscbXKnlbBRflkpNQgiGQ==":"junction%20box_yash%20(6)-400x400.png","pzHDjp+IzcvaY9XHSqUTvA==":"junction%20box_yash%20(7)-400x400.png","/S9Swj0GHdXaYYXLx8Kc+A==":"junction%20box_yash%20(8)-400x400.png","JF0Qpc7VbHrDyWX3Y9cnzQ==":"junction%20box_yash%20(9)-400x400.png","hDQTF+p7zr5iAqJRSzHUAg==":"mbr-156x278.jpeg","93oQ01dZNg5cb71fxzABRg==":"mbr-156x195.jpg","73sX9UPz3R5teUU7zK/wqg==":"mbr-156x104.jpg","Nd1Y80r1z2Yb4Ekxu9mfaQ==":"mbr-156x234.jpg","Z8k9d3mFMANZQcAoVA9IBw==":"logo-747x460.jpg","NQ+UtpOp2o+Mbkw8ReTilA==":"untitled%20design%20(1)-1031x580.png","lEWph65P09b00ROw/a59JA==":"coconut%20group-600x900.jpg","hpzVJxSSBPtnwyYd55Wiag==":"flax%20seedsuntitled-468-600x900.jpg","w+hWNQ6VDYDlNj8yGjoxYw==":"mohari%20tel%20mustuntitled-481-600x900.jpg","1tvx29GEG65/rZ65HhfH6g==":"almond%20oil-600x900.jpg","CoaopE7oT3X4vLZCN/IP4w==":"kaletil%20black%20seedsuntitled-503-600x849.jpg","bqve9yt4IWOsOctPkMdgtg==":"white%20sesame-600x900.jpg","wCPR1GKb80i4HTmU5G0w3w==":"saffloweruntitled-493-820x1230.jpg","epV3WxQp+OkcSIPJDfptig==":"groundnut-600x900.jpg","s+RojlM6SIvOxotEiOxsnQ==":"saffloweruntitled-493-600x900.jpg"}